 Distance(km),Speed(km/h),Time (h)
165,55,3
10,5,?
?,10,5
20,4,5
?,9.4,5
726,?,?
135,5.19,26
?,2.635135135,74
10,10,1
25,?,16
250,250,?
74,37,2
95,?,0.5
50,33.33333333,1.5
72,24,?
?,14.28571429,0.7
95,29.6875,?
45,22.5,2
70,17.5,?
?,5.555555556,9
